{
  "models": {
    "logistic": {
      "validation": {
        "auc": 0.7452231237322515,
        "ks": 0.3683569979716024,
        "brier": 0.20077308265723728,
        "logloss": 0.5840396084288809,
        "ece": 0.20000920634909544,
        "event_rate": 0.22666666666666666,
        "sample_count": 750
      },
      "test": {
        "auc": 0.7955931263858094,
        "ks": 0.45731707317073167,
        "brier": 0.18429712229822287,
        "logloss": 0.5446434125815435,
        "ece": 0.18925888222090587,
        "event_rate": 0.23466666666666666,
        "sample_count": 750
      }
    },
    "xgboost": {
      "validation": {
        "auc": 0.7387728194726166,
        "ks": 0.36896551724137927,
        "brier": 0.18269265413357433,
        "logloss": 0.5484123915880755,
        "ece": 0.12362534379897018,
        "event_rate": 0.22666666666666666,
        "sample_count": 750
      },
      "test": {
        "auc": 0.7770727747861894,
        "ks": 0.4236815014254039,
        "brier": 0.15985882772139037,
        "logloss": 0.48899632104463275,
        "ece": 0.08668803940465053,
        "event_rate": 0.23466666666666666,
        "sample_count": 750
      }
    },
    "lightgbm": {
      "validation": {
        "auc": 0.721288032454361,
        "ks": 0.3589249492900608,
        "brier": 0.19010631103392242,
        "logloss": 0.6026658941024462,
        "ece": 0.1368911934505752,
        "event_rate": 0.22666666666666666,
        "sample_count": 750
      },
      "test": {
        "auc": 0.7590077605321507,
        "ks": 0.4189103579347482,
        "brier": 0.164094217483266,
        "logloss": 0.5367928219060029,
        "ece": 0.10421978702525915,
        "event_rate": 0.23466666666666666,
        "sample_count": 750
      }
    },
    "ensemble": {
      "validation": {
        "auc": 0.7464401622718053,
        "ks": 0.38417849898580125,
        "brier": 0.17839878144648333,
        "logloss": 0.5315063050120178,
        "ece": 0.11584350436464703,
        "event_rate": 0.22666666666666666,
        "sample_count": 750
      },
      "test": {
        "auc": 0.79823606271777,
        "ks": 0.4632166613873931,
        "brier": 0.15435445245199386,
        "logloss": 0.4713996723685197,
        "ece": 0.09484742583432634,
        "event_rate": 0.23466666666666666,
        "sample_count": 750
      },
      "weights": {
        "lightgbm": 0.3374252443136454,
        "logistic": 0.3278789386574905,
        "xgboost": 0.33469581702886425
      }
    }
  },
  "champion": "ensemble",
  "champion_test_metrics_calibrated": {
    "auc": 0.7910100570161545,
    "ks": 0.4456564776686728,
    "brier": 0.14639511105479164,
    "logloss": 0.48033688254857765,
    "ece": 0.03180787367325496,
    "event_rate": 0.23466666666666666,
    "sample_count": 750
  },
  "baseline_test_metrics": {
    "auc": 0.5108984003801076,
    "ks": 0.07738755147291734,
    "brier": 0.23606962147806113,
    "logloss": 0.664550467185104,
    "ece": 0.18087784370476406,
    "event_rate": 0.23466666666666666,
    "sample_count": 750
  },
  "promotion_gate": {
    "promotable": true,
    "reasons": [],
    "candidate_metrics": {
      "auc": 0.7910100570161545,
      "ks": 0.4456564776686728,
      "brier": 0.14639511105479164,
      "logloss": 0.48033688254857765,
      "ece": 0.03180787367325496,
      "event_rate": 0.23466666666666666,
      "sample_count": 750
    },
    "baseline_metrics": {
      "auc": 0.5108984003801076,
      "ks": 0.07738755147291734,
      "brier": 0.23606962147806113,
      "logloss": 0.664550467185104,
      "ece": 0.18087784370476406,
      "event_rate": 0.23466666666666666,
      "sample_count": 750
    },
    "segment_auc_drop": {
      "credit_low": -0.24925889328063233,
      "credit_mid": -0.2946781479390175,
      "credit_high": -0.2968418961864406
    },
    "thresholds": {
      "min_auc": 0.68,
      "min_ks": 0.22,
      "max_ece": 0.06,
      "max_segment_auc_drop": 0.05
    }
  },
  "calibration": {
    "method": "isotonic",
    "validation_metrics_before": {
      "auc": 0.7464401622718053,
      "ks": 0.38417849898580125,
      "brier": 0.17839878144648333,
      "logloss": 0.5315063050120178,
      "ece": 0.11584350436464703,
      "event_rate": 0.22666666666666666,
      "sample_count": 750
    },
    "validation_metrics_after": {
      "auc": 0.758975659229209,
      "ks": 0.39411764705882346,
      "brier": 0.145858562265167,
      "logloss": 0.44894105328792605,
      "ece": 2.0000000029699967e-08,
      "event_rate": 0.22666666666666666,
      "sample_count": 750
    }
  },
  "segments": {
    "candidate_auc": {
      "credit_low": 0.7805500658761527,
      "credit_mid": 0.8076651609260305,
      "credit_high": 0.7851893538135593
    },
    "baseline_auc": {
      "credit_low": 0.5312911725955204,
      "credit_mid": 0.512987012987013,
      "credit_high": 0.4883474576271187
    }
  },
  "out_of_time_holdout": {},
  "split_sizes": {
    "train": 1201,
    "validation": 750,
    "test": 750,
    "oot": 0
  },
  "label_column": "pd_label_90dpd_12m"
}