{
  "rows": 5000,
  "pd_event_rate": 0.2436,
  "lgd_stage1_event_rate": 0.4068,
  "lgd_stage2_mean": 0.4042564618275609,
  "ead_mean": 0.8431870800710407
}